{
    "$schema": "https://raw.githubusercontent.com/grafana/grafana/main/docs/sources/developers/plugins/plugin.schema.json",
    "type": "datasource",
    "name": "PRTG",
    "id": "maxmarkusprogram-prtg-datasource",
    "metrics": true,
    "annotations": true,
    "info": {
        "description": "PRTG Network Monitor data source",
        "author": {
            "name": "Maxmarkusprogram",
            "email": "mustafa.ozdemir1408@gmail.com",
            "url": "https://github.com/1DeliDolu/maxmarkusprogram-prtg-datasource.git"
        },
        "keywords": [
            "datasource,prtg"
        ],
        "logos": {
            "small": "img/logo.svg",
            "large": "img/logo.svg"
        },
        "links": [
            {
                "name": "GitHub",
                "url": "https://github.com/1DeliDolu/maxmarkusprogram-prtg-datasource.git"
            }
        ],
        "screenshots": [
            {
                "name": "PRTG Datasource",
                "path": "img/1737448469409.png"
            }
        ],
        "version": "1.0.0",
        "updated": "2024-02-14"
    },
    "dependencies": {
        "grafanaDependency": ">=10.4.0",
        "plugins": []
    },
    "routes": [
        {
            "path": "hostname",
            "url": "https://{{ .JsonData.hostname }}/api/",
            "body": {
                "username": "{{ .JsonData.username }}",
                "passhash": "{{ .SecureJsonData.passhash }}"
            }
        }
    ],
    "includes": [
        {
            "name": "overview",
            "path": "dashboards/overview.json",
            "type": "dashboard"
        }
    ],
    "buildMode": "production"
}